module,metadata,type,stat,p,q,n_samples,n_groups,note
0,Date,categorical,21.0,0.4589442088928218,0.4589442088928218,22,22.0,
1,Date,categorical,21.0,0.4589442088928218,0.4589442088928218,22,22.0,
2,Date,categorical,21.0,0.4589442088928218,0.4589442088928218,22,22.0,
3,Date,categorical,21.0,0.4589442088928218,0.4589442088928218,22,22.0,
4,Date,categorical,21.0,0.4589442088928218,0.4589442088928218,22,22.0,
5,Date,categorical,21.0,0.4589442088928218,0.4589442088928218,22,22.0,
6,Date,categorical,21.0,0.4589442088928218,0.4589442088928218,22,22.0,
7,Date,categorical,21.0,0.4589442088928218,0.4589442088928218,22,22.0,
8,Date,categorical,21.0,0.4589442088928218,0.4589442088928218,22,22.0,
9,Date,categorical,21.0,0.4589442088928218,0.4589442088928218,22,22.0,
0,Day,categorical,6.0909090909090935,0.29747332785890407,0.5649889568846047,22,6.0,
1,Day,categorical,5.952569169960469,0.3108615427817893,0.5649889568846047,22,6.0,
2,Day,categorical,7.436758893280626,0.19013087708851834,0.5649889568846047,22,6.0,
3,Day,categorical,5.169960474308297,0.3954922698192233,0.5649889568846047,22,6.0,
4,Day,categorical,10.276679841897234,0.06776464581699221,0.5649889568846047,22,6.0,
5,Day,categorical,1.033596837944657,0.9598106925145812,0.9598106925145812,22,6.0,
6,Day,categorical,5.865612648221344,0.31951583594687916,0.5649889568846047,22,6.0,
7,Day,categorical,4.033596837944657,0.5445890435238044,0.6807363044047555,22,6.0,
8,Day,categorical,5.332015810276673,0.3767176094242149,0.5649889568846047,22,6.0,
9,Day,categorical,2.385375494071141,0.7936499886582558,0.8818333207313953,22,6.0,
0,concentration_pm2_5,numeric,-0.0220214568040655,0.9225104517760874,0.9781147004348607,22,,
1,concentration_pm2_5,numeric,0.17786561264822137,0.4284124752380798,0.9781147004348607,22,,
2,concentration_pm2_5,numeric,0.1925465838509317,0.39062682819034467,0.9781147004348607,22,,
3,concentration_pm2_5,numeric,-0.07396950875211745,0.7435587990333694,0.9781147004348607,22,,
4,concentration_pm2_5,numeric,-0.25352907961603616,0.254925622453164,0.9781147004348607,22,,
5,concentration_pm2_5,numeric,0.006211180124223602,0.9781147004348607,0.9781147004348607,22,,
6,concentration_pm2_5,numeric,0.2670807453416149,0.2295283525028699,0.9781147004348607,22,,
7,concentration_pm2_5,numeric,0.07622811970638058,0.7359946162262683,0.9781147004348607,22,,
8,concentration_pm2_5,numeric,0.02992659514398645,0.8948231841333145,0.9781147004348607,22,,
9,concentration_pm2_5,numeric,0.145115753811406,0.519350532177154,0.9781147004348607,22,,
0,be,numeric,-0.08040720489649839,0.722061233884919,0.722061233884919,22,,
1,be,numeric,0.21473453542947216,0.3372260156837733,0.722061233884919,22,,
2,be,numeric,0.17689585077229647,0.43097539969834875,0.722061233884919,22,,
3,be,numeric,-0.14851683727941467,0.5094997413691194,0.722061233884919,22,,
4,be,numeric,0.08229913912935717,0.7157809559306294,0.722061233884919,22,,
5,be,numeric,-0.15230070574513221,0.4986474486535607,0.722061233884919,22,,
6,be,numeric,0.11257008685509773,0.6179411608727028,0.722061233884919,22,,
7,be,numeric,0.08608300759507474,0.7032738507890982,0.722061233884919,22,,
8,be,numeric,0.13716523188226196,0.5427260527904159,0.722061233884919,22,,
9,be,numeric,0.11446202108795653,0.6120086307061001,0.722061233884919,22,,
0,na,numeric,-0.253497534508161,0.2549867616629707,0.47704596885808154,22,,
1,na,numeric,-0.18799429561716335,0.40213818115152933,0.47704596885808154,22,,
2,na,numeric,-0.1775137773946037,0.4293413719722734,0.47704596885808154,22,,
3,na,numeric,-0.27183844139764035,0.2210209799502326,0.47704596885808154,22,,
4,na,numeric,-0.3504423280668376,0.10982995292093162,0.47704596885808154,22,,
5,na,numeric,-0.004585226722369837,0.9838429504601801,0.9838429504601801,22,,
6,na,numeric,-0.38122885034560644,0.08002311927398713,0.47704596885808154,22,,
7,na,numeric,-0.22664120656285194,0.3104556196728172,0.47704596885808154,22,,
8,na,numeric,-0.2652881175085406,0.2327887761435303,0.47704596885808154,22,,
9,na,numeric,-0.2161606883402923,0.3339494542679776,0.47704596885808154,22,,
0,mg,numeric,0.026856327945309046,0.9055643107705739,0.9446419576860796,22,,
1,mg,numeric,0.09628976116976658,0.6699119715787035,0.9446419576860796,22,,
2,mg,numeric,0.08384414578047703,0.7106654146392768,0.9446419576860796,22,,
3,mg,numeric,-0.020961036445119256,0.9262318025386478,0.9446419576860796,22,,
4,mg,numeric,-0.2580827612305308,0.2461985054849784,0.9446419576860796,22,,
5,mg,numeric,0.22074591506266217,0.32354396706157795,0.9446419576860796,22,,
6,mg,numeric,0.032096587056588854,0.8872422206270726,0.9446419576860796,22,,
7,mg,numeric,0.01572077733383944,0.9446419576860796,0.9446419576860796,22,,
8,mg,numeric,0.05371265589061809,0.8123467269365927,0.9446419576860796,22,,
9,mg,numeric,0.13755680167109513,0.5415635753169763,0.9446419576860796,22,,
0,al,numeric,-0.12445846697723632,0.5810581302109012,0.8123212809179094,22,,
1,al,numeric,0.0899266379893326,0.6906446383675066,0.8123212809179094,22,,
2,al,numeric,0.08129368074235668,0.719116395984979,0.8123212809179094,22,,
3,al,numeric,-0.12301964076940701,0.5854710581295266,0.8123212809179094,22,,
4,al,numeric,-0.30862822157938946,0.16226702359600484,0.8123212809179094,22,,
5,al,numeric,0.10647313937936981,0.6372147927151208,0.8123212809179094,22,,
6,al,numeric,0.0,1.0,1.0,22,,
7,al,numeric,-0.0791354414306127,0.7262926181971898,0.8123212809179094,22,,
8,al,numeric,-0.09784018213239389,0.6648945886880344,0.8123212809179094,22,,
9,al,numeric,0.07769661522278337,0.7310891528261185,0.8123212809179094,22,,
0,si,numeric,-0.12445846697723632,0.5810581302109012,0.8123212809179094,22,,
1,si,numeric,0.0899266379893326,0.6906446383675066,0.8123212809179094,22,,
2,si,numeric,0.08129368074235668,0.719116395984979,0.8123212809179094,22,,
3,si,numeric,-0.12301964076940701,0.5854710581295266,0.8123212809179094,22,,
4,si,numeric,-0.30862822157938946,0.16226702359600484,0.8123212809179094,22,,
5,si,numeric,0.10647313937936981,0.6372147927151208,0.8123212809179094,22,,
6,si,numeric,0.0,1.0,1.0,22,,
7,si,numeric,-0.0791354414306127,0.7262926181971898,0.8123212809179094,22,,
8,si,numeric,-0.09784018213239389,0.6648945886880344,0.8123212809179094,22,,
9,si,numeric,0.07769661522278337,0.7310891528261185,0.8123212809179094,22,,
0,k,numeric,0.09218333508297545,0.6832662976927392,0.7557872620424149,22,,
1,k,numeric,0.15363889180495907,0.49483682367971227,0.7557872620424149,22,,
2,k,numeric,0.13315370623096454,0.5547009186182991,0.7557872620424149,22,,
3,k,numeric,0.09081765604470914,0.6877281422368292,0.7557872620424149,22,,
4,k,numeric,-0.0703324704707146,0.7557872620424149,0.7557872620424149,22,,
5,k,numeric,0.08125790277684503,0.7192351748125048,0.7557872620424149,22,,
6,k,numeric,0.25060210352186657,0.26063861173682584,0.7557872620424149,22,,
7,k,numeric,0.22328852275654054,0.317858928614997,0.7557872620424149,22,,
8,k,numeric,0.23421395506267093,0.29412396802835256,0.7557872620424149,22,,
9,k,numeric,0.22465420179480683,0.31483049385967443,0.7557872620424149,22,,
0,ca,numeric,-0.0006334956990275564,0.9977676011952066,0.9977676011952066,22,,
1,ca,numeric,0.1526724634656411,0.4975873879317685,0.995174775863537,22,,
2,ca,numeric,0.1552064462617513,0.4903913875896526,0.995174775863537,22,,
3,ca,numeric,-0.018371375271799138,0.9353258539824156,0.9977676011952066,22,,
4,ca,numeric,-0.30471143123225464,0.167941375640167,0.995174775863537,22,,
5,ca,numeric,0.22742495595089274,0.30874023931565314,0.995174775863537,22,,
6,ca,numeric,0.03610925484457071,0.8732493040665046,0.9977676011952066,22,,
7,ca,numeric,-0.031041289252350262,0.8909278020976674,0.9977676011952066,22,,
8,ca,numeric,0.0006334956990275564,0.9977676011952066,0.9977676011952066,22,,
9,ca,numeric,0.16027441185397176,0.47615592442464993,0.995174775863537,22,,
0,ti,numeric,-0.03275161944549884,0.8849556750777412,0.8849556750777412,22,,
1,ti,numeric,0.11332060328142597,0.6155849907883328,0.8849556750777412,22,,
2,ti,numeric,0.10284008505886635,0.6488092197655818,0.8849556750777412,22,,
3,ti,numeric,-0.039956975723508585,0.8598658118581827,0.8849556750777412,22,,
4,ti,numeric,-0.26659818228636056,0.23040307177884736,0.8849556750777412,22,,
5,ti,numeric,0.07860388666919721,0.7280634901752282,0.8849556750777412,22,,
6,ti,numeric,0.11463066805924593,0.6114809358321902,0.8849556750777412,22,,
7,ti,numeric,-0.10349511744777633,0.6467128572732599,0.8849556750777412,22,,
8,ti,numeric,-0.062228076946447795,0.7832358724559595,0.8849556750777412,22,,
9,ti,numeric,0.10087498789213642,0.6551136768630939,0.8849556750777412,22,,
0,v,numeric,-0.07458659268628781,0.741489857908707,0.9053669891960002,22,,
1,v,numeric,0.10841968627594413,0.6310359708599238,0.9053669891960002,22,,
2,v,numeric,0.1053439504950663,0.6408098457870535,0.9053669891960002,22,,
3,v,numeric,-0.03921563120619256,0.8624416500879778,0.9053669891960002,22,,
4,v,numeric,-0.24836566430588622,0.2650584051671141,0.9053669891960002,22,,
5,v,numeric,0.1437906477560394,0.5232129136729997,0.9053669891960002,22,,
6,v,numeric,-0.026912688082681168,0.9053669891960002,0.9053669891960002,22,,
7,v,numeric,-0.1699344018935011,0.4496122404223388,0.9053669891960002,22,,
8,v,numeric,-0.16070719455086754,0.4749500476312354,0.9053669891960002,22,,
9,v,numeric,0.07458659268628781,0.741489857908707,0.9053669891960002,22,,
0,cr,numeric,0.01153400917829193,0.9593710480132409,0.9918710961103555,22,,
1,cr,numeric,0.020761216520925472,0.9269332030012631,0.9918710961103555,22,,
2,cr,numeric,-0.002306801835658386,0.9918710961103555,0.9918710961103555,22,,
3,cr,numeric,0.04690497065838718,0.8357948636842126,0.9918710961103555,22,,
4,cr,numeric,-0.3221833230469546,0.14366247281898684,0.9918710961103555,22,,
5,cr,numeric,0.19761602392140173,0.37802798592945674,0.9918710961103555,22,,
6,cr,numeric,-0.0730487247958489,0.7466491521627625,0.9918710961103555,22,,
7,cr,numeric,-0.2099189670449131,0.3484298405987216,0.9918710961103555,22,,
8,cr,numeric,-0.18069947712657358,0.4209701214849866,0.9918710961103555,22,,
9,cr,numeric,0.05151857432970395,0.8198879914426687,0.9918710961103555,22,,
0,mn,numeric,-0.11438668352243107,0.6122444213380187,0.8989363568529175,22,,
1,mn,numeric,0.09424311661282057,0.676556041777119,0.8989363568529175,22,,
2,mn,numeric,0.08417133315801532,0.7095836249755719,0.8989363568529175,22,,
3,mn,numeric,-0.12014198835374837,0.5943396842720885,0.8989363568529175,22,,
4,mn,numeric,-0.292801133293267,0.1860360126312831,0.8989363568529175,22,,
5,mn,numeric,0.11366727041851643,0.6144978960906358,0.8989363568529175,22,,
6,mn,numeric,0.010071783454805252,0.9645184274339315,0.9645184274339315,22,,
7,mn,numeric,-0.054675395897514224,0.8090427211676258,0.8989363568529175,22,,
8,mn,numeric,-0.07625778901495406,0.7358954077394642,0.8989363568529175,22,,
9,mn,numeric,0.0863295724697593,0.7024613867964061,0.8989363568529175,22,,
0,fe,numeric,0.00477987663393206,0.9831571510160482,0.9831571510160482,22,,
1,fe,numeric,0.17548975641721992,0.434706008136868,0.9131845511859925,22,,
2,fe,numeric,0.14271345949882866,0.5263626597801672,0.9131845511859925,22,,
3,fe,numeric,0.01570530894006248,0.9446963463873925,0.9831571510160482,22,,
4,fe,numeric,-0.21919148564174162,0.32704943460143765,0.9131845511859925,22,,
5,fe,numeric,0.15090753372842647,0.5026298847880318,0.9131845511859925,22,,
6,fe,numeric,0.11266852065696999,0.6176319306032427,0.9131845511859925,22,,
7,fe,numeric,-0.10584012546563847,0.6392291858301947,0.9131845511859925,22,,
8,fe,numeric,-0.007511234710464666,0.9735353311964491,0.9831571510160482,22,,
9,fe,numeric,0.16729568218762209,0.45678495196209745,0.9131845511859925,22,,
0,co,numeric,0.084254927970665,0.7093073194091004,0.7881192437878893,22,,
1,co,numeric,0.24389584412560922,0.2740338436494483,0.7881192437878893,22,,
2,co,numeric,0.22995893874700296,0.3032338116960704,0.7881192437878893,22,,
3,co,numeric,0.11466272152398771,0.6113806618590587,0.7881192437878893,22,,
4,co,numeric,-0.15013848066953087,0.504834877567828,0.7881192437878893,22,,
5,co,numeric,0.17927928282479846,0.4246910751734254,0.7881192437878893,22,,
6,co,numeric,0.1539394548636962,0.4939829186942689,0.7881192437878893,22,,
7,co,numeric,-0.0943908591551059,0.6760756357344457,0.7881192437878893,22,,
8,co,numeric,-0.018371375271799138,0.9353258539824156,0.9353258539824156,22,,
9,co,numeric,0.2337599129411683,0.29508789786046846,0.7881192437878893,22,,
0,ni,numeric,0.17762374134569575,0.42905093504274416,0.9431412483086534,22,,
1,ni,numeric,0.037677763315753635,0.8677893258762351,0.9431412483086534,22,,
2,ni,numeric,0.08535166791936027,0.705685548824303,0.9431412483086534,22,,
3,ni,numeric,0.18069947712657358,0.4209701214849866,0.9431412483086534,22,,
4,ni,numeric,-0.016147612849608705,0.9431412483086534,0.9431412483086534,22,,
5,ni,numeric,0.14071491197516153,0.5322300666736746,0.9431412483086534,22,,
6,ni,numeric,0.0991924789333106,0.6605296356156305,0.9431412483086534,22,,
7,ni,numeric,-0.06382151745321535,0.7778182698597798,0.9431412483086534,22,,
8,ni,numeric,-0.11610902572813876,0.6068631548796548,0.9431412483086534,22,,
9,ni,numeric,0.0868895358097992,0.7006173992107483,0.9431412483086534,22,,
0,cu,numeric,0.3377102605652932,0.12426743889579528,0.24853487779159056,22,,
1,cu,numeric,0.38122474792104527,0.08002663680282873,0.24853487779159056,22,,
2,cu,numeric,0.38311668215390404,0.07841670072624993,0.24853487779159056,22,,
3,cu,numeric,0.3698731425238926,0.09021103743154636,0.24853487779159056,22,,
4,cu,numeric,0.13905716611512076,0.5371199989938598,0.6713999987423247,22,,
5,cu,numeric,0.27527643088095327,0.2150049115123814,0.30714987358911633,22,,
6,cu,numeric,0.29608770744239993,0.1809155899365824,0.30152598322763735,22,,
7,cu,numeric,-0.025541112143593604,0.910170495816571,0.910170495816571,22,,
8,cu,numeric,0.040676586006463886,0.8573668054320527,0.910170495816571,22,,
9,cu,numeric,0.35852153712673984,0.10132712005763848,0.24853487779159056,22,,
0,zn,numeric,0.1547818111102747,0.49159365221022566,0.7022766460146082,22,,
1,zn,numeric,0.3267616012328021,0.13773442819698328,0.6160321140560567,22,,
2,zn,numeric,0.3267616012328021,0.13773442819698328,0.6160321140560567,22,,
3,zn,numeric,0.08598989506126371,0.7035807503529061,0.8196287037450849,22,,
4,zn,numeric,0.25796968518379115,0.2464128456224227,0.6160321140560567,22,,
5,zn,numeric,0.1547818111102747,0.49159365221022566,0.7022766460146082,22,,
6,zn,numeric,0.22357372715928564,0.317225029128344,0.634450058256688,22,,
7,zn,numeric,0.05159393703675823,0.8196287037450849,0.8196287037450849,22,,
8,zn,numeric,0.05159393703675823,0.8196287037450849,0.8196287037450849,22,,
9,zn,numeric,0.25796968518379115,0.2464128456224227,0.6160321140560567,22,,
0,as,numeric,-0.17608587345525678,0.43312231154041203,0.8318679988375671,22,,
1,as,numeric,0.1683965340030622,0.4537853703910717,0.8318679988375671,22,,
2,as,numeric,0.1622450624413065,0.47067758096861145,0.8318679988375671,22,,
3,as,numeric,-0.1899266844692071,0.39722901701648095,0.8318679988375671,22,,
4,as,numeric,-0.2006917597022796,0.3704980291006341,0.8318679988375671,22,,
5,as,numeric,-0.0991924789333106,0.6605296356156305,0.8318679988375671,22,,
6,as,numeric,0.09765461104287168,0.6654943990700537,0.8318679988375671,22,,
7,as,numeric,-0.029988423863559016,0.8946070569057676,0.8946070569057676,22,,
8,as,numeric,0.03460202753487579,0.8785012193171418,0.8946070569057676,22,,
9,as,numeric,0.12994983674208907,0.5643495623068797,0.8318679988375671,22,,
0,se,numeric,-0.07794885428028724,0.7302475702977436,0.9538578498013941,22,,
1,se,numeric,0.10284008505886635,0.6488092197655818,0.9538578498013941,22,,
2,se,numeric,0.056332785446258,0.803362144899766,0.9538578498013941,22,,
3,se,numeric,-0.14738228750474477,0.5127757490264464,0.9538578498013941,22,,
4,se,numeric,-0.27118340900873034,0.22217970314792398,0.9538578498013941,22,,
5,se,numeric,0.015065744944929465,0.9469453345211352,0.9538578498013941,22,,
6,se,numeric,0.06615827127990766,0.7698915035422096,0.9538578498013941,22,,
7,se,numeric,-0.09170453444739675,0.6848294464941994,0.9538578498013941,22,,
8,se,numeric,0.013100647778199536,0.9538578498013941,0.9538578498013941,22,,
9,se,numeric,0.09759982594758654,0.6656715154591017,0.9538578498013941,22,,
0,mo,numeric,0.3377102605652932,0.12426743889579528,0.24853487779159056,22,,
1,mo,numeric,0.38122474792104527,0.08002663680282873,0.24853487779159056,22,,
2,mo,numeric,0.38311668215390404,0.07841670072624993,0.24853487779159056,22,,
3,mo,numeric,0.3698731425238926,0.09021103743154636,0.24853487779159056,22,,
4,mo,numeric,0.13905716611512076,0.5371199989938598,0.6713999987423247,22,,
5,mo,numeric,0.27527643088095327,0.2150049115123814,0.30714987358911633,22,,
6,mo,numeric,0.29608770744239993,0.1809155899365824,0.30152598322763735,22,,
7,mo,numeric,-0.025541112143593604,0.910170495816571,0.910170495816571,22,,
8,mo,numeric,0.040676586006463886,0.8573668054320527,0.910170495816571,22,,
9,mo,numeric,0.35852153712673984,0.10132712005763848,0.24853487779159056,22,,
0,ag,numeric,0.10070741102484862,0.6556523584995259,0.8195654481244072,22,,
1,ag,numeric,0.3473839908385228,0.1131805670225263,0.4925376995018987,22,,
2,ag,numeric,0.31909539223603717,0.1477613098505696,0.4925376995018987,22,,
3,ag,numeric,0.16973159161491339,0.4501614303941084,0.6430877577058691,22,,
4,ag,numeric,0.18557320683230533,0.4083359770215451,0.6430877577058691,22,,
5,ag,numeric,0.17878394316770876,0.4259930381940422,0.6430877577058691,22,,
6,ag,numeric,-0.0599718290372694,0.7909235434834186,0.8788039372037985,22,,
7,ag,numeric,-0.34964707872672157,0.11069415830925933,0.4925376995018987,22,,
8,ag,numeric,-0.015841615217391917,0.9442170856154223,0.9442170856154223,22,,
9,ag,numeric,0.17199467950311223,0.4440531301141647,0.6430877577058691,22,,
0,cd,numeric,0.1547818111102747,0.49159365221022566,0.7022766460146082,22,,
1,cd,numeric,0.3267616012328021,0.13773442819698328,0.6160321140560567,22,,
2,cd,numeric,0.3267616012328021,0.13773442819698328,0.6160321140560567,22,,
3,cd,numeric,0.08598989506126371,0.7035807503529061,0.8196287037450849,22,,
4,cd,numeric,0.25796968518379115,0.2464128456224227,0.6160321140560567,22,,
5,cd,numeric,0.1547818111102747,0.49159365221022566,0.7022766460146082,22,,
6,cd,numeric,0.22357372715928564,0.317225029128344,0.634450058256688,22,,
7,cd,numeric,0.05159393703675823,0.8196287037450849,0.8196287037450849,22,,
8,cd,numeric,0.05159393703675823,0.8196287037450849,0.8196287037450849,22,,
9,cd,numeric,0.25796968518379115,0.2464128456224227,0.6160321140560567,22,,
0,sb,numeric,-0.16633695978261512,0.4594056114034871,0.9442170856154223,22,,
1,sb,numeric,0.34285781506212504,0.11827470745372042,0.5913735372686021,22,,
2,sb,numeric,0.3688833257764118,0.09114260720385912,0.5913735372686021,22,,
3,sb,numeric,-0.1357852732919307,0.5468319416667783,0.9442170856154223,22,,
4,sb,numeric,-0.04299866987577806,0.8493119605905403,0.9442170856154223,22,,
5,sb,numeric,0.015841615217391917,0.9442170856154223,0.9442170856154223,22,,
6,sb,numeric,0.037340950155280946,0.8689612904793487,0.9442170856154223,22,,
7,sb,numeric,0.04865638959627517,0.8297486417336513,0.9442170856154223,22,,
8,sb,numeric,-0.029420142546584992,0.896593799531352,0.9442170856154223,22,,
9,sb,numeric,0.21725643726708915,0.33144490781307046,0.9442170856154223,22,,
0,ba,numeric,-0.2282298470945497,0.3069846168832636,0.4409212873529748,22,,
1,ba,numeric,-0.1451608953946952,0.5192191944205036,0.5769102160227817,22,,
2,ba,numeric,-0.21144824069053866,0.34484846640735134,0.4409212873529748,22,,
3,ba,numeric,-0.2282298470945497,0.3069846168832636,0.4409212873529748,22,,
4,ba,numeric,-0.27437926470557994,0.21656423259762,0.4409212873529748,22,,
5,ba,numeric,-0.125022967709882,0.5793307205211509,0.5793307205211509,22,,
6,ba,numeric,-0.28193098758738494,0.20367198780359938,0.4409212873529748,22,,
7,ba,numeric,-0.3255631642378135,0.13926908731818893,0.4409212873529748,22,,
8,ba,numeric,-0.2106091603703381,0.3468108001663399,0.4409212873529748,22,,
9,ba,numeric,-0.20809191940973645,0.35273702988237987,0.4409212873529748,22,,
0,hg,numeric,0.0689667914324483,0.7603937446239177,0.9562601010422741,22,,
1,hg,numeric,0.08262358181511134,0.7147057355774709,0.9562601010422741,22,,
2,hg,numeric,0.02936209932272551,0.8967967557013923,0.9831571510160482,22,,
3,hg,numeric,0.00477987663393206,0.9831571510160482,0.9831571510160482,22,,
4,hg,numeric,-0.1987063000677471,0.37534890435124957,0.9562601010422741,22,,
5,hg,numeric,0.18504950968508405,0.4096834677003075,0.9562601010422741,22,,
6,hg,numeric,0.11813123681003519,0.6005700133185207,0.9562601010422741,22,,
7,hg,numeric,0.067601112394182,0.7650080808338193,0.9562601010422741,22,,
8,hg,numeric,0.13315370623096454,0.5547009186182991,0.9562601010422741,22,,
9,hg,numeric,0.1631986450728232,0.4680382301858099,0.9562601010422741,22,,
0,pb,numeric,0.28095223357952964,0.20531314541983836,0.6894064169878303,22,,
1,pb,numeric,0.07851527066363959,0.7283588445447831,0.7283588445447831,22,,
2,pb,numeric,0.10500234992366259,0.6418989543694102,0.7266778029725955,22,,
3,pb,numeric,0.2204103381280485,0.3242988233559774,0.6894064169878303,22,,
4,pb,numeric,0.1958151931008843,0.3824767944259382,0.6894064169878303,22,,
5,pb,numeric,0.20149099579946064,0.368555524428405,0.6894064169878303,22,,
6,pb,numeric,0.16365231114228496,0.466785222510938,0.6894064169878303,22,,
7,pb,numeric,0.1958151931008843,0.3824767944259382,0.6894064169878303,22,,
8,pb,numeric,0.10121848145794501,0.654010022675336,0.7266778029725955,22,,
9,pb,numeric,0.15797650844370859,0.4825844918914812,0.6894064169878303,22,,
0,fluoruros,numeric,0.14851683727941467,0.5094997413691194,0.6474475066780662,22,,
1,fluoruros,numeric,0.20338293003231944,0.36398063804764436,0.6474475066780662,22,,
2,fluoruros,numeric,0.2223022723609073,0.32005688060388987,0.6474475066780662,22,,
3,fluoruros,numeric,0.2223022723609073,0.32005688060388987,0.6474475066780662,22,,
4,fluoruros,numeric,0.13527329764940316,0.548358858889008,0.6474475066780662,22,,
5,fluoruros,numeric,0.12392169225225046,0.5827027560102596,0.6474475066780662,22,,
6,fluoruros,numeric,0.2733844966480945,0.2183019473146479,0.6474475066780662,22,,
7,fluoruros,numeric,0.16743617960800256,0.45640155585056597,0.6474475066780662,22,,
8,fluoruros,numeric,0.08040720489649839,0.722061233884919,0.722061233884919,22,,
9,fluoruros,numeric,0.18824745616944918,0.40149313220523497,0.6474475066780662,22,,
0,cloruros,numeric,0.13804836118012956,0.5401058779247944,0.7525714367569355,22,,
1,cloruros,numeric,0.07128726847826362,0.7525714367569355,0.7525714367569355,22,,
2,cloruros,numeric,0.07128726847826362,0.7525714367569355,0.7525714367569355,22,,
3,cloruros,numeric,0.1357852732919307,0.5468319416667783,0.7525714367569355,22,,
4,cloruros,numeric,0.18783629472050414,0.4025410553246175,0.7525714367569355,22,,
5,cloruros,numeric,0.10975976257764399,0.6267959935784573,0.7525714367569355,22,,
6,cloruros,numeric,0.23762422826087876,0.2869463212761413,0.7525714367569355,22,,
7,cloruros,numeric,0.33267391956523024,0.13033917186084848,0.7525714367569355,22,,
8,cloruros,numeric,0.19009938260870302,0.39679191377568135,0.7525714367569355,22,,
9,cloruros,numeric,0.11881211413043938,0.59845726026503,0.7525714367569355,22,,
0,nitratos,numeric,-0.2466896141389618,0.26840175828614365,0.9704375485857593,22,,
1,nitratos,numeric,0.08055171073925282,0.7215809305663569,0.9704375485857593,22,,
2,nitratos,numeric,0.07216090753724733,0.7496324264862013,0.9704375485857593,22,,
3,nitratos,numeric,-0.22739076677434908,0.3088149478027937,0.9704375485857593,22,,
4,nitratos,numeric,-0.3062643168732008,0.1656754651846508,0.9704375485857593,22,,
5,nitratos,numeric,-0.16278158211890675,0.46919165611703983,0.9704375485857593,22,,
6,nitratos,numeric,0.02936781120701926,0.8967767830303399,0.9704375485857593,22,,
7,nitratos,numeric,-0.008390803202005503,0.9704375485857593,0.9704375485857593,22,,
8,nitratos,numeric,0.05370114049283521,0.8123862651512614,0.9704375485857593,22,,
9,nitratos,numeric,0.06293102401504128,0.7808446829391098,0.9704375485857593,22,,
0,sulfatos,numeric,0.35417325450311926,0.10584108287819413,0.18619881694406926,22,,
1,sulfatos,numeric,0.446959857919272,0.037025007850636345,0.1723112973894562,22,,
2,sulfatos,numeric,0.3949088364906984,0.06892451895578248,0.1723112973894562,22,,
3,sulfatos,numeric,0.33267391956523024,0.13033917186084848,0.18619881694406926,22,,
4,sulfatos,numeric,0.3473839908385228,0.1131805670225263,0.18619881694406926,22,,
5,sulfatos,numeric,0.19802019021739894,0.3770335832948589,0.41892620366095434,22,,
6,sulfatos,numeric,0.40169810015529506,0.06386979102401122,0.1723112973894562,22,,
7,sulfatos,numeric,0.022630878881988455,0.9203724999545615,0.9203724999545615,22,,
8,sulfatos,numeric,0.25686047531056894,0.2485217919549682,0.3106522399437102,22,,
9,sulfatos,numeric,0.3994350122670962,0.06552227263277667,0.1723112973894562,22,,
0,k_,numeric,0.19203132463516673,0.3919204050867715,0.4407674347582707,22,,
1,k_,numeric,0.5004166045911488,0.017696602734713702,0.12271939905872022,22,,
2,k_,numeric,0.47771339379684336,0.024543879811744045,0.12271939905872022,22,,
3,k_,numeric,0.2468974173880715,0.2679857919033367,0.41047995317641434,22,,
4,k_,numeric,0.19013939040230793,0.3966906912824436,0.4407674347582707,22,,
5,k_,numeric,0.15419263997799104,0.49326418025291097,0.49326418025291097,22,,
6,k_,numeric,0.35095380019530464,0.10927673593872266,0.2185534718774453,22,,
7,k_,numeric,0.23743774622377758,0.28733596722349003,0.41047995317641434,22,,
8,k_,numeric,0.36798120829103376,0.09199783411042098,0.2185534718774453,22,,
9,k_,numeric,0.4436585776053852,0.03861659206788636,0.1287219735596212,22,,
0,mg_,numeric,0.2775851542242258,0.21102661381881133,0.2344740153542348,22,,
1,mg_,numeric,0.41906900014460685,0.05222110255803816,0.1268463677365007,22,,
2,mg_,numeric,0.3790844349931948,0.08187764774597023,0.1268463677365007,22,,
3,mg_,numeric,0.3375620019513439,0.12444321514968114,0.1555540189371014,22,,
4,mg_,numeric,0.3975388496784618,0.0669316858450876,0.1268463677365007,22,,
5,mg_,numeric,0.1883888165787682,0.4011331976580277,0.4011331976580277,22,,
6,mg_,numeric,0.5544013745032321,0.007416370032013581,0.0741637003201358,22,,
7,mg_,numeric,0.3713950955410002,0.08879245741555049,0.1268463677365007,22,,
8,mg_,numeric,0.4006145854593397,0.06465695433218041,0.1268463677365007,22,,
9,mg_,numeric,0.4252204717063625,0.04851505882987315,0.1268463677365007,22,,
0,ca_,numeric,0.24101886009317702,0.2799109464126213,0.46651824402103553,22,,
1,ca_,numeric,0.4446967700310731,0.0381103977099324,0.190551988549662,22,,
2,ca_,numeric,0.4707222807453599,0.02703249268637973,0.190551988549662,22,,
3,ca_,numeric,0.32135848012423607,0.1447493827174958,0.2894987654349916,22,,
4,ca_,numeric,0.18670475077640475,0.4054328080309768,0.506791010038721,22,,
5,ca_,numeric,0.19349401444100126,0.3882545265267704,0.506791010038721,22,,
6,ca_,numeric,0.3405947271739262,0.12088305933225629,0.2894987654349916,22,,
7,ca_,numeric,0.08033962003105902,0.7222859047435681,0.7222859047435681,22,,
8,ca_,numeric,0.13239064145963245,0.5569921655074267,0.6188801838971407,22,,
9,ca_,numeric,0.36662023788821285,0.09329929401005838,0.2894987654349916,22,,
0,na_,numeric,-0.09165505947205321,0.684991039456839,0.8729005079692527,22,,
1,na_,numeric,0.27835981024845796,0.20970283667737027,0.8729005079692527,22,,
2,na_,numeric,0.3043853209627447,0.16841993648215886,0.8729005079692527,22,,
3,na_,numeric,0.03620940621118152,0.8729005079692527,0.8729005079692527,22,,
4,na_,numeric,0.06789263664596536,0.7640224308724236,0.8729005079692527,22,,
5,na_,numeric,0.050919477484474014,0.8219498466860934,0.8729005079692527,22,,
6,na_,numeric,0.1504953445652232,0.5038111096176391,0.8729005079692527,22,,
7,na_,numeric,0.05657719720497113,0.8025252454177281,0.8729005079692527,22,,
8,na_,numeric,0.06110337298136882,0.7870656616097431,0.8729005079692527,22,,
9,na_,numeric,0.20028327810559782,0.37149308432284434,0.8729005079692527,22,,
0,oc,numeric,-0.2466896141389618,0.26840175828614365,0.9704375485857593,22,,
1,oc,numeric,0.08055171073925282,0.7215809305663569,0.9704375485857593,22,,
2,oc,numeric,0.07216090753724733,0.7496324264862013,0.9704375485857593,22,,
3,oc,numeric,-0.22739076677434908,0.3088149478027937,0.9704375485857593,22,,
4,oc,numeric,-0.3062643168732008,0.1656754651846508,0.9704375485857593,22,,
5,oc,numeric,-0.16278158211890675,0.46919165611703983,0.9704375485857593,22,,
6,oc,numeric,0.02936781120701926,0.8967767830303399,0.9704375485857593,22,,
7,oc,numeric,-0.008390803202005503,0.9704375485857593,0.9704375485857593,22,,
8,oc,numeric,0.05370114049283521,0.8123862651512614,0.9704375485857593,22,,
9,oc,numeric,0.06293102401504128,0.7808446829391098,0.9704375485857593,22,,
0,oc1,numeric,0.09278660341615266,0.6812985802513591,0.9407142959461693,22,,
1,oc1,numeric,0.2093356296583932,0.3498016697106048,0.8075477029837532,22,,
2,oc1,numeric,0.15728460822981974,0.4845286217902519,0.8075477029837532,22,,
3,oc1,numeric,0.07128726847826362,0.7525714367569355,0.9407142959461693,22,,
4,oc1,numeric,0.014710071273292496,0.9481962093777426,0.9481962093777426,22,,
5,oc1,numeric,-0.015841615217391917,0.9442170856154223,0.9481962093777426,22,,
6,oc1,numeric,0.28288598602485565,0.20207917582076926,0.8075477029837532,22,,
7,oc1,numeric,0.1652054158385157,0.46250864406922954,0.8075477029837532,22,,
8,oc1,numeric,0.32814774378883255,0.1359744450092135,0.8075477029837532,22,,
9,oc1,numeric,0.23309805248448104,0.29649651820407696,0.8075477029837532,22,,
0,oc2,numeric,-0.24333329285815958,0.2751768571239141,0.9144028851898609,22,,
1,oc2,numeric,0.055379301133236324,0.8066289878168457,0.9144028851898609,22,,
2,oc2,numeric,0.04698849793123082,0.8355063059117132,0.9144028851898609,22,,
3,oc2,numeric,-0.23074708805515134,0.30153349857816925,0.9144028851898609,22,,
4,oc2,numeric,-0.30962063815400304,0.16085074152349318,0.9144028851898609,22,,
5,oc2,numeric,-0.16613790339970896,0.45995070247119474,0.9144028851898609,22,,
6,oc2,numeric,0.02433332928581596,0.9144028851898609,0.9144028851898609,22,,
7,oc2,numeric,-0.025172409606016508,0.9114622824349953,0.9144028851898609,22,,
8,oc2,numeric,0.04027585536962641,0.8587582702830299,0.9144028851898609,22,,
9,oc2,numeric,0.04447125697062916,0.8442113106452529,0.9144028851898609,22,,
0,oc3,numeric,-0.24333329285815958,0.2751768571239141,0.9144028851898609,22,,
1,oc3,numeric,0.055379301133236324,0.8066289878168457,0.9144028851898609,22,,
2,oc3,numeric,0.04698849793123082,0.8355063059117132,0.9144028851898609,22,,
3,oc3,numeric,-0.23074708805515134,0.30153349857816925,0.9144028851898609,22,,
4,oc3,numeric,-0.30962063815400304,0.16085074152349318,0.9144028851898609,22,,
5,oc3,numeric,-0.16613790339970896,0.45995070247119474,0.9144028851898609,22,,
6,oc3,numeric,0.02433332928581596,0.9144028851898609,0.9144028851898609,22,,
7,oc3,numeric,-0.025172409606016508,0.9114622824349953,0.9144028851898609,22,,
8,oc3,numeric,0.04027585536962641,0.8587582702830299,0.9144028851898609,22,,
9,oc3,numeric,0.04447125697062916,0.8442113106452529,0.9144028851898609,22,,
0,oc4,numeric,-0.17301013767437895,0.44132657153491306,0.8318679988375671,22,,
1,oc4,numeric,0.18377521290745139,0.41297244650584775,0.8318679988375671,22,,
2,oc4,numeric,0.17608587345525678,0.43312231154041203,0.8318679988375671,22,,
3,oc4,numeric,-0.1883888165787682,0.4011331976580277,0.8318679988375671,22,,
4,oc4,numeric,-0.1945402881405239,0.38564416240696076,0.8318679988375671,22,,
5,oc4,numeric,-0.09765461104287168,0.6654943990700537,0.8318679988375671,22,,
6,oc4,numeric,0.11149542205682199,0.6213212806037693,0.8318679988375671,22,,
7,oc4,numeric,-0.00384466972609731,0.9864522113414547,0.9864522113414547,22,,
8,oc4,numeric,0.05767004589145965,0.7987857492303971,0.8875397213671079,22,,
9,oc4,numeric,0.14532851564647833,0.5187316480289794,0.8318679988375671,22,,
0,oc5,numeric,-0.05395598279359957,0.8115113653419681,0.8912999608645076,22,,
1,oc5,numeric,0.15035733871816412,0.5042068996178988,0.8912999608645076,22,,
2,oc5,numeric,0.09640135592456456,0.6695503777134617,0.8912999608645076,22,,
3,oc5,numeric,-0.10431490006762582,0.6440928714533714,0.8912999608645076,22,,
4,oc5,numeric,-0.19064447253738515,0.3954140354699792,0.8912999608645076,22,,
5,oc5,numeric,0.06762483176797812,0.7649278719569709,0.8912999608645076,22,,
6,oc5,numeric,0.10647313937936981,0.6372147927151208,0.8912999608645076,22,,
7,oc5,numeric,-0.030934763468330417,0.8912999608645076,0.8912999608645076,22,,
8,oc5,numeric,0.07194131039146609,0.7503708597256278,0.8912999608645076,22,,
9,oc5,numeric,0.15323499113382277,0.49598545777458036,0.8912999608645076,22,,
0,cpyrol,numeric,-0.13456344041340584,0.5504791474500492,0.9593710480132409,22,,
1,cpyrol,numeric,0.026912688082681168,0.9053669891960002,0.9593710480132409,22,,
2,cpyrol,numeric,-0.022299084411364398,0.9215364240111965,0.9593710480132409,22,,
3,cpyrol,numeric,-0.15763145876998969,0.4835535375323663,0.9593710480132409,22,,
4,cpyrol,numeric,-0.3021910404712485,0.17166456186682105,0.9593710480132409,22,,
5,cpyrol,numeric,-0.01153400917829193,0.9593710480132409,0.9593710480132409,22,,
6,cpyrol,numeric,0.01922334863048655,0.9323330857648602,0.9593710480132409,22,,
7,cpyrol,numeric,-0.05767004589145965,0.7987857492303971,0.9593710480132409,22,,
8,cpyrol,numeric,0.04229136698707041,0.8517639532930441,0.9593710480132409,22,,
9,cpyrol,numeric,0.05151857432970395,0.8198879914426687,0.9593710480132409,22,,
0,ec,numeric,0.09278660341615266,0.6812985802513591,0.9407142959461693,22,,
1,ec,numeric,0.2093356296583932,0.3498016697106048,0.8075477029837532,22,,
2,ec,numeric,0.15728460822981974,0.4845286217902519,0.8075477029837532,22,,
3,ec,numeric,0.07128726847826362,0.7525714367569355,0.9407142959461693,22,,
4,ec,numeric,0.014710071273292496,0.9481962093777426,0.9481962093777426,22,,
5,ec,numeric,-0.015841615217391917,0.9442170856154223,0.9481962093777426,22,,
6,ec,numeric,0.28288598602485565,0.20207917582076926,0.8075477029837532,22,,
7,ec,numeric,0.1652054158385157,0.46250864406922954,0.8075477029837532,22,,
8,ec,numeric,0.32814774378883255,0.1359744450092135,0.8075477029837532,22,,
9,ec,numeric,0.23309805248448104,0.29649651820407696,0.8075477029837532,22,,
0,ec1,numeric,0.05657719720497113,0.8025252454177281,0.9481962093777426,22,,
1,ec1,numeric,0.18896783866460357,0.39966074780642713,0.8283528904351649,22,,
2,ec1,numeric,0.14144299301242783,0.5300890073868421,0.8834816789780702,22,,
3,ec1,numeric,0.028288598602485567,0.9005515102537135,0.9481962093777426,22,,
4,ec1,numeric,-0.014710071273292496,0.9481962093777426,0.9481962093777426,22,,
5,ec1,numeric,-0.03394631832298268,0.8807875840703852,0.9481962093777426,22,,
6,ec1,numeric,0.2647812829192649,0.23371607208713296,0.8283528904351649,22,,
7,ec1,numeric,0.18331011894410643,0.41417644521758246,0.8283528904351649,22,,
8,ec1,numeric,0.31909539223603717,0.1477613098505696,0.8283528904351649,22,,
9,ec1,numeric,0.2149933493788903,0.3366299839338531,0.8283528904351649,22,,
0,ec3,numeric,-0.13456344041340584,0.5504791474500492,0.9593710480132409,22,,
1,ec3,numeric,0.026912688082681168,0.9053669891960002,0.9593710480132409,22,,
2,ec3,numeric,-0.022299084411364398,0.9215364240111965,0.9593710480132409,22,,
3,ec3,numeric,-0.15763145876998969,0.4835535375323663,0.9593710480132409,22,,
4,ec3,numeric,-0.3021910404712485,0.17166456186682105,0.9593710480132409,22,,
5,ec3,numeric,-0.01153400917829193,0.9593710480132409,0.9593710480132409,22,,
6,ec3,numeric,0.01922334863048655,0.9323330857648602,0.9593710480132409,22,,
7,ec3,numeric,-0.05767004589145965,0.7987857492303971,0.9593710480132409,22,,
8,ec3,numeric,0.04229136698707041,0.8517639532930441,0.9593710480132409,22,,
9,ec3,numeric,0.05151857432970395,0.8198879914426687,0.9593710480132409,22,,
0,ec4,numeric,-0.025179458637013128,0.9114375834072703,0.9114375834072703,22,,
1,ec4,numeric,0.11726433593808973,0.6032644855833829,0.9114375834072703,22,,
2,ec4,numeric,0.05755304831317287,0.7991858881182846,0.9114375834072703,22,,
3,ec4,numeric,-0.0899266379893326,0.6906446383675066,0.9114375834072703,22,,
4,ec4,numeric,-0.1820115152904092,0.41754829135403027,0.9114375834072703,22,,
5,ec4,numeric,0.08489074626193,0.7072069088252289,0.9114375834072703,22,,
6,ec4,numeric,0.10791196558719914,0.6326453308228357,0.9114375834072703,22,,
7,ec4,numeric,-0.05107833037794093,0.8214030264857959,0.9114375834072703,22,,
8,ec4,numeric,0.06330835314449015,0.7795619230091027,0.9114375834072703,22,,
9,ec4,numeric,0.1345302504320416,0.550578374395543,0.9114375834072703,22,,
0,c_total,numeric,-0.2466896141389618,0.26840175828614365,0.9704375485857593,22,,
1,c_total,numeric,0.08055171073925282,0.7215809305663569,0.9704375485857593,22,,
2,c_total,numeric,0.07216090753724733,0.7496324264862013,0.9704375485857593,22,,
3,c_total,numeric,-0.22739076677434908,0.3088149478027937,0.9704375485857593,22,,
4,c_total,numeric,-0.3062643168732008,0.1656754651846508,0.9704375485857593,22,,
5,c_total,numeric,-0.16278158211890675,0.46919165611703983,0.9704375485857593,22,,
6,c_total,numeric,0.02936781120701926,0.8967767830303399,0.9704375485857593,22,,
7,c_total,numeric,-0.008390803202005503,0.9704375485857593,0.9704375485857593,22,,
8,c_total,numeric,0.05370114049283521,0.8123862651512614,0.9704375485857593,22,,
9,c_total,numeric,0.06293102401504128,0.7808446829391098,0.9704375485857593,22,,
0,soc,numeric,-0.056114222105343545,0.8041107121172674,0.9797206603172068,22,,
1,soc,numeric,0.18345034149823852,0.41381324650751083,0.9797206603172068,22,,
2,soc,numeric,0.14891851251033478,0.508342334835562,0.9797206603172068,22,,
3,soc,numeric,-0.005755304831317287,0.9797206603172068,0.9797206603172068,22,,
4,soc,numeric,-0.27193815327974186,0.22084494520623424,0.9797206603172068,22,,
5,soc,numeric,0.04388419933879432,0.8462440112060753,0.9797206603172068,22,,
6,soc,numeric,0.10575372627545516,0.639504318482511,0.9797206603172068,22,,
7,soc,numeric,-0.15899029596514008,0.47974299036928425,0.9797206603172068,22,,
8,soc,numeric,-0.014388262078293218,0.9493280872898006,0.9797206603172068,22,,
9,soc,numeric,0.15395440423773743,0.493940466258036,0.9797206603172068,22,,
0,oc_ec,numeric,-0.32279908140546115,0.14285484988355723,0.29021377196285225,22,,
1,oc_ec,numeric,-0.20303263777445968,0.36482519822521575,0.37035294177622513,22,,
2,oc_ec,numeric,-0.2007513721814882,0.37035294177622513,0.37035294177622513,22,,
3,oc_ec,numeric,-0.3501742685211186,0.11012070461287582,0.29021377196285225,22,,
4,oc_ec,numeric,-0.43229982986809107,0.0445056991646396,0.29021377196285225,22,,
5,oc_ec,numeric,-0.3210881322107325,0.14510688598142613,0.29021377196285225,22,,
6,oc_ec,numeric,-0.26861902357238904,0.22675455048415935,0.30174182374301983,22,,
7,oc_ec,numeric,-0.2606345939969889,0.24139345899441586,0.30174182374301983,22,,
8,oc_ec,numeric,-0.293712945095075,0.18460563379669387,0.30174182374301983,22,,
9,oc_ec,numeric,-0.3256506633966755,0.13915663113418741,0.29021377196285225,22,,
0,sia,numeric,0.4492229458074708,0.03596403426821976,0.059940057113699596,22,,
1,sia,numeric,0.4707222807453599,0.02703249268637973,0.059940057113699596,22,,
2,sia,numeric,0.4186712593167864,0.052468031252842044,0.07495433036120293,22,,
3,sia,numeric,0.45148603369566964,0.034927107427581476,0.059940057113699596,22,,
4,sia,numeric,0.3949088364906984,0.06892451895578248,0.0861556486947281,22,,
5,sia,numeric,0.24554503586957468,0.27070022605162036,0.2893156941522607,22,,
6,sia,numeric,0.4967477914596466,0.018684023225614712,0.059940057113699596,22,,
7,sia,numeric,0.23649268431677936,0.2893156941522607,0.2893156941522607,22,,
8,sia,numeric,0.4707222807453599,0.02703249268637973,0.059940057113699596,22,,
9,sia,numeric,0.4707222807453599,0.02703249268637973,0.059940057113699596,22,,
0,v_ni,numeric,0.06789263664596536,0.7640224308724236,0.9402392458654597,22,,
1,v_ni,numeric,0.03055168649068441,0.8926384617013099,0.9402392458654597,22,,
2,v_ni,numeric,0.08260270791925785,0.7147748970809814,0.9402392458654597,22,,
3,v_ni,numeric,-0.031683230434783834,0.888685586690082,0.9402392458654597,22,,
4,v_ni,numeric,0.08712888369565554,0.699829710183568,0.9402392458654597,22,,
5,v_ni,numeric,-0.062234916925468245,0.7832125960054546,0.9402392458654597,22,,
6,v_ni,numeric,0.16746850372671454,0.45631337186881205,0.9402392458654597,22,,
7,v_ni,numeric,-0.029420142546584992,0.896593799531352,0.9402392458654597,22,,
8,v_ni,numeric,-0.13352218540373187,0.5535960148554822,0.9402392458654597,22,,
9,v_ni,numeric,-0.01697315916149134,0.9402392458654597,0.9402392458654597,22,,
0,temp_out_c,numeric,-0.313382269904009,0.15556075193656105,0.4211875499411365,22,,
1,temp_out_c,numeric,-0.17334839073969513,0.44042031323470754,0.5917474203259607,22,,
2,temp_out_c,numeric,-0.14059853190287974,0.5325726782933646,0.5917474203259607,22,,
3,temp_out_c,numeric,-0.2659514398644834,0.23157881527331264,0.45851946944900535,22,,
4,temp_out_c,numeric,-0.09316770186335405,0.6800565574585156,0.6800565574585156,22,,
5,temp_out_c,numeric,-0.5245623941276115,0.012199099804568883,0.12199099804568883,22,,
6,temp_out_c,numeric,-0.15415019762845852,0.493384628947119,0.5917474203259607,22,,
7,temp_out_c,numeric,-0.2433653303218521,0.2751116816694032,0.45851946944900535,22,,
8,temp_out_c,numeric,-0.3167701863354037,0.15090164160975986,0.4211875499411365,22,,
9,temp_out_c,numeric,-0.30434782608695654,0.16847501997645462,0.4211875499411365,22,,
0,out_hum_rh,numeric,0.31789949181253535,0.14937063985267568,0.4140234134809316,22,,
1,out_hum_rh,numeric,0.11914172783738003,0.5974355927153713,0.7151412744897224,22,,
2,out_hum_rh,numeric,0.1044607566346697,0.6436271470407502,0.7151412744897224,22,,
3,out_hum_rh,numeric,0.27272727272727276,0.2194550778840766,0.4140234134809316,22,,
4,out_hum_rh,numeric,0.042348955392433656,0.8515642629643547,0.8515642629643547,22,,
5,out_hum_rh,numeric,0.5290796160361377,0.011345469832825028,0.11345469832825028,22,,
6,out_hum_rh,numeric,0.21626199887069456,0.33371741823425616,0.47673916890608026,22,,
7,out_hum_rh,numeric,0.25691699604743085,0.24841404808855894,0.4140234134809316,22,,
8,out_hum_rh,numeric,0.2636928289102203,0.23571564222959407,0.4140234134809316,22,,
9,out_hum_rh,numeric,0.29983060417843027,0.17520277793847736,0.4140234134809316,22,,
0,wind_speed_m_s,numeric,-0.4590626764539809,0.031625808827984755,0.10541936275994919,22,,
1,wind_speed_m_s,numeric,-0.3122529644268775,0.1571359244482707,0.17459547160918967,22,,
2,wind_speed_m_s,numeric,-0.24110671936758896,0.2797303069403845,0.2797303069403845,22,,
3,wind_speed_m_s,numeric,-0.43534726143421804,0.04286132630167676,0.10715331575419189,22,,
4,wind_speed_m_s,numeric,-0.39243365330321855,0.07084079067181391,0.14168158134362782,22,,
5,wind_speed_m_s,numeric,-0.665725578769057,0.0007204130109213572,0.007204130109213572,22,,
6,wind_speed_m_s,numeric,-0.3562958780350085,0.10361956526861964,0.14802795038374233,22,,
7,wind_speed_m_s,numeric,-0.3156408808582722,0.15244364055052634,0.17459547160918967,22,,
8,wind_speed_m_s,numeric,-0.3709768492377189,0.0891806328921608,0.14802795038374233,22,,
9,wind_speed_m_s,numeric,-0.4635798983625071,0.029778209241076523,0.10541936275994919,22,,
0,wind_dir,numeric,-0.14963297571993225,0.5062867949707296,0.809393306007222,22,,
1,wind_dir,numeric,-0.09203839638622249,0.6837393497090001,0.809393306007222,22,,
2,wind_dir,numeric,-0.07848673066064371,0.7284539754064998,0.809393306007222,22,,
3,wind_dir,numeric,-0.11914172783738003,0.5974355927153713,0.809393306007222,22,,
4,wind_dir,numeric,-0.003952569169960475,0.9860720320762009,0.9860720320762009,22,,
5,wind_dir,numeric,-0.4138904573687183,0.05550702963051301,0.5064673084377223,22,,
6,wind_dir,numeric,-0.24675324675324675,0.2682743394211488,0.6706858485528719,22,,
7,wind_dir,numeric,-0.35855448898927167,0.10129346168754445,0.5064673084377223,22,,
8,wind_dir,numeric,-0.20383963862224735,0.36288120211175257,0.7257624042235051,22,,
9,wind_dir,numeric,-0.2636928289102203,0.23571564222959407,0.6706858485528719,22,,
0,bar_mmhg,numeric,0.29757199322416716,0.17863505141387853,0.5051769967659796,22,,
1,bar_mmhg,numeric,0.0005646527385657821,0.998010198944439,0.998010198944439,22,,
2,bar_mmhg,numeric,-0.0694522868435912,0.758755244688898,0.8430613829876644,22,,
3,bar_mmhg,numeric,0.28289102202145683,0.20207079870639186,0.5051769967659796,22,,
4,bar_mmhg,numeric,0.23546019198193116,0.2914882349612475,0.582976469922495,22,,
5,bar_mmhg,numeric,0.4466403162055336,0.03717677297482655,0.3717677297482655,22,,
6,bar_mmhg,numeric,0.2862789384528515,0.1964880120461804,0.5051769967659796,22,,
7,bar_mmhg,numeric,0.13833992094861663,0.5392421274426353,0.6740526593032942,22,,
8,bar_mmhg,numeric,0.17786561264822137,0.4284124752380798,0.6120178217686855,22,,
9,bar_mmhg,numeric,0.20835686053077357,0.35211052355961436,0.5868508725993573,22,,
0,rain_mmh2o,numeric,-0.09834956081651278,0.6632491723476881,0.8705676413300535,22,,
1,rain_mmh2o,numeric,-0.062147268491416045,0.7835108771970482,0.8705676413300535,22,,
2,rain_mmh2o,numeric,-0.022324746933809647,0.9214463951657783,0.9214463951657783,22,,
3,rain_mmh2o,numeric,-0.11283047774655149,0.6171232776899439,0.8705676413300535,22,,
4,rain_mmh2o,numeric,-0.21299015317931913,0.341259518801748,0.8705676413300535,22,,
5,rain_mmh2o,numeric,0.2672935916669642,0.2291432296587617,0.8705676413300535,22,,
6,rain_mmh2o,numeric,0.07783492849895797,0.7306276407071807,0.8705676413300535,22,,
7,rain_mmh2o,numeric,0.3372846901621512,0.12477247764110767,0.8705676413300535,22,,
8,rain_mmh2o,numeric,0.0899023592739902,0.6907241674488702,0.8705676413300535,22,,
9,rain_mmh2o,numeric,0.09834956081651278,0.6632491723476881,0.8705676413300535,22,,
0,solar_rad_w_m2,numeric,-0.3359683794466404,0.12634393023599733,0.6317196511799866,22,,
1,solar_rad_w_m2,numeric,-0.163184641445511,0.4680769349758337,0.6574275091962802,22,,
2,solar_rad_w_m2,numeric,-0.11801242236024848,0.600939011455951,0.6677100127288343,22,,
3,solar_rad_w_m2,numeric,-0.23207227555053642,0.29868783755778283,0.6574275091962802,22,,
4,solar_rad_w_m2,numeric,-0.163184641445511,0.4680769349758337,0.6574275091962802,22,,
5,solar_rad_w_m2,numeric,-0.3811405985319029,0.08009881431156597,0.6317196511799866,22,,
6,solar_rad_w_m2,numeric,-0.17899491812535295,0.4254382439036575,0.6574275091962802,22,,
7,solar_rad_w_m2,numeric,-0.0694522868435912,0.758755244688898,0.758755244688898,22,,
8,solar_rad_w_m2,numeric,-0.14285714285714288,0.5259420073570242,0.6574275091962802,22,,
9,solar_rad_w_m2,numeric,-0.19706380575945792,0.37938905896201536,0.6574275091962802,22,,
